{"cameraMode":{"drawMode":0,"name":"Shaded","section":"Shading Mode"},"sceneLighting":true,"audioPlay":false,"sceneViewState":{"showFog":true,"showMaterialUpdate":false,"showSkybox":true,"showFlares":true,"showImageEffects":true,"showParticleSystems":true,"showVisualEffectGraphs":true,"m_FxEnabled":false},"in2DMode":false,"pivot":{"x":-15.095978736877442,"y":0.4271323084831238,"z":-0.7878282070159912},"rotation":{"x":-0.20688340067863465,"y":-0.21109281480312348,"z":0.044726911932229999,"w":-0.9542028307914734},"size":0.39212313294410708,"orthographic":false}