{"cameraMode":{"drawMode":0,"name":"Shaded","section":"Shading Mode"},"sceneLighting":true,"audioPlay":false,"sceneViewState":{"showFog":true,"showMaterialUpdate":false,"showSkybox":true,"showFlares":true,"showImageEffects":true,"showParticleSystems":true,"showVisualEffectGraphs":true},"in2DMode":false,"pivot":{"x":0.719578742980957,"y":2.9276933670043947,"z":-7.800951957702637},"rotation":{"x":0.08912640064954758,"y":0.7259108424186707,"z":-0.09518598020076752,"w":0.6751238107681274},"size":9.122234344482422,"orthographic":false}