{"cameraMode":{"drawMode":0,"name":"Shaded","section":"Shading Mode"},"sceneLighting":true,"audioPlay":false,"sceneViewState":{"showFog":true,"showMaterialUpdate":false,"showSkybox":true,"showFlares":true,"showImageEffects":true,"showParticleSystems":true,"showVisualEffectGraphs":true},"in2DMode":false,"pivot":{"x":-0.055335044860839847,"y":-2.3874006271362306,"z":-13.280105590820313},"rotation":{"x":0.055635493248701099,"y":0.9427716732025147,"z":-0.26258644461631777,"w":0.1970740407705307},"size":12.08661937713623,"orthographic":false}