{"cameraMode":{"drawMode":0,"name":"Shaded","section":"Shading Mode"},"sceneLighting":true,"audioPlay":false,"sceneViewState":{"showFog":true,"showMaterialUpdate":false,"showSkybox":true,"showFlares":true,"showImageEffects":true,"showParticleSystems":true,"showVisualEffectGraphs":true},"in2DMode":false,"pivot":{"x":-2.3731536865234377,"y":0.02647566795349121,"z":-14.338150024414063},"rotation":{"x":0.3584035336971283,"y":0.5937216877937317,"z":-0.3317215144634247,"w":0.6393001079559326},"size":32.90275192260742,"orthographic":false}