{"cameraMode":{"drawMode":0,"name":"Shaded","section":"Shading Mode"},"sceneLighting":true,"audioPlay":false,"sceneViewState":{"showFog":true,"showMaterialUpdate":false,"showSkybox":true,"showFlares":true,"showImageEffects":true,"showParticleSystems":true,"showVisualEffectGraphs":true},"in2DMode":false,"pivot":{"x":-0.5660886764526367,"y":-1.6419367790222169,"z":-9.16707992553711},"rotation":{"x":0.37949249148368838,"y":0.504302978515625,"z":-0.26109880208969118,"w":0.7302055954933167},"size":14.414594650268555,"orthographic":false}