{"cameraMode":{"drawMode":0,"name":"Shaded","section":"Shading Mode"},"sceneLighting":true,"audioPlay":false,"sceneViewState":{"showFog":true,"showMaterialUpdate":false,"showSkybox":true,"showFlares":true,"showImageEffects":true,"showParticleSystems":true,"showVisualEffectGraphs":true},"in2DMode":false,"pivot":{"x":1.5933966636657715,"y":0.9224494099617004,"z":-6.152451515197754},"rotation":{"x":0.10433010011911392,"y":0.711672842502594,"z":-0.10735859721899033,"w":0.6861555576324463},"size":1.6197896003723145,"orthographic":false}