{"cameraMode":{"drawMode":0,"name":"Shaded","section":"Shading Mode"},"sceneLighting":true,"audioPlay":false,"sceneViewState":{"showFog":true,"showMaterialUpdate":false,"showSkybox":true,"showFlares":true,"showImageEffects":true,"showParticleSystems":true,"showVisualEffectGraphs":true},"in2DMode":false,"pivot":{"x":-2.4695167541503908,"y":0.21895408630371095,"z":-8.639355659484864},"rotation":{"x":0.3584035336971283,"y":0.5937216877937317,"z":-0.3317215144634247,"w":0.6393001079559326},"size":11.0689058303833,"orthographic":false}