{"cameraMode":{"drawMode":0,"name":"Shaded","section":"Shading Mode"},"sceneLighting":true,"audioPlay":false,"sceneViewState":{"showFog":true,"showMaterialUpdate":false,"showSkybox":true,"showFlares":true,"showImageEffects":true,"showParticleSystems":true,"showVisualEffectGraphs":true},"in2DMode":false,"pivot":{"x":2.99265193939209,"y":4.090564727783203,"z":-11.034341812133789},"rotation":{"x":-0.27265310287475588,"y":-0.6384916305541992,"z":0.25926709175109866,"w":-0.6712073087692261},"size":20.303876876831056,"orthographic":false}