{"cameraMode":{"drawMode":2,"name":"Shaded Wireframe","section":"Shading Mode"},"sceneLighting":true,"audioPlay":false,"sceneViewState":{"showFog":true,"showMaterialUpdate":false,"showSkybox":true,"showFlares":true,"showImageEffects":true,"showParticleSystems":true,"showVisualEffectGraphs":true},"in2DMode":false,"pivot":{"x":-1.3894991874694825,"y":0.47338342666625979,"z":-6.023441791534424},"rotation":{"x":-0.21387383341789246,"y":-0.43690863251686098,"z":0.10825250297784805,"w":-0.8658728003501892},"size":5.416118621826172,"orthographic":false}