{"cameraMode":{"drawMode":2,"name":"Shaded Wireframe","section":"Shading Mode"},"sceneLighting":true,"audioPlay":false,"sceneViewState":{"showFog":true,"showMaterialUpdate":false,"showSkybox":true,"showFlares":true,"showImageEffects":true,"showParticleSystems":true,"showVisualEffectGraphs":true},"in2DMode":false,"pivot":{"x":-7.436563968658447,"y":-0.37984204292297366,"z":3.560014247894287},"rotation":{"x":-0.3112647235393524,"y":-0.0007101923692971468,"z":-0.0027052576187998058,"w":-0.9494358897209168},"size":1.4006917476654053,"orthographic":false}