{"cameraMode":{"drawMode":2,"name":"Shaded Wireframe","section":"Shading Mode"},"sceneLighting":true,"audioPlay":false,"sceneViewState":{"showFog":true,"showMaterialUpdate":false,"showSkybox":true,"showFlares":true,"showImageEffects":true,"showParticleSystems":true,"showVisualEffectGraphs":true},"in2DMode":false,"pivot":{"x":0.19000005722045899,"y":1.9800000190734864,"z":-22.690000534057618},"rotation":{"x":0.08997432142496109,"y":0.45237743854522707,"z":-0.04819442331790924,"w":0.885047197341919},"size":6.988027095794678,"orthographic":false}