{"cameraMode":{"drawMode":2,"name":"Shaded Wireframe","section":"Shading Mode"},"sceneLighting":true,"audioPlay":false,"sceneViewState":{"showFog":true,"showMaterialUpdate":false,"showSkybox":true,"showFlares":true,"showImageEffects":true,"showParticleSystems":true,"showVisualEffectGraphs":true},"in2DMode":false,"pivot":{"x":-0.9059100151062012,"y":0.5486531257629395,"z":-7.372945308685303},"rotation":{"x":-0.31029266119003298,"y":-0.6877059936523438,"z":0.45239806175231936,"w":-0.4734899699687958},"size":5.404893398284912,"orthographic":false}