{"cameraMode":{"drawMode":2,"name":"Shaded Wireframe","section":"Shading Mode"},"sceneLighting":true,"audioPlay":false,"sceneViewState":{"showFog":true,"showMaterialUpdate":false,"showSkybox":true,"showFlares":true,"showImageEffects":true,"showParticleSystems":true,"showVisualEffectGraphs":true},"in2DMode":false,"pivot":{"x":0.9676065444946289,"y":-1.822580099105835,"z":-1.4673757553100587},"rotation":{"x":0.2600339353084564,"y":0.37672457098960879,"z":-0.11128979176282883,"w":0.8818967938423157},"size":8.389483451843262,"orthographic":false}