{"cameraMode":{"drawMode":2,"name":"Shaded Wireframe","section":"Shading Mode"},"sceneLighting":true,"audioPlay":false,"sceneViewState":{"showFog":true,"showMaterialUpdate":false,"showSkybox":true,"showFlares":true,"showImageEffects":true,"showParticleSystems":true,"showVisualEffectGraphs":true},"in2DMode":false,"pivot":{"x":3.3116133213043215,"y":1.2695274353027344,"z":-7.06825590133667},"rotation":{"x":0.12576459348201753,"y":0.8311386108398438,"z":-0.209695503115654,"w":0.4991050958633423},"size":3.4118666648864748,"orthographic":false}