{"cameraMode":{"drawMode":0,"name":"Shaded","section":"Shading Mode"},"sceneLighting":true,"audioPlay":false,"sceneViewState":{"showFog":true,"showMaterialUpdate":false,"showSkybox":true,"showFlares":true,"showImageEffects":true,"showParticleSystems":true},"in2DMode":false,"pivot":{"x":-0.21169455349445344,"y":0.35280275344848635,"z":-8.227015495300293},"rotation":{"x":-0.13043645024299622,"y":0.002079213270917535,"z":-0.00027344224508851767,"w":-0.9914536476135254},"size":9.919246673583985,"orthographic":false}