{"cameraMode":{"drawMode":0,"name":"Shaded","section":"Shading Mode"},"sceneLighting":true,"audioPlay":false,"sceneViewState":{"showFog":true,"showMaterialUpdate":false,"showSkybox":true,"showFlares":true,"showImageEffects":true,"showParticleSystems":true},"in2DMode":false,"pivot":{"x":-0.6998171806335449,"y":3.3897058963775636,"z":-12.447758674621582},"rotation":{"x":0.1543116569519043,"y":0.6053776144981384,"z":-0.1212535873055458,"w":0.7711870074272156},"size":4.357883930206299,"orthographic":false}