{"cameraMode":{"drawMode":0,"name":"Shaded","section":"Shading Mode"},"sceneLighting":true,"audioPlay":false,"sceneViewState":{"showFog":true,"showMaterialUpdate":false,"showSkybox":true,"showFlares":true,"showImageEffects":true,"showParticleSystems":true},"in2DMode":false,"pivot":{"x":-0.019023088738322259,"y":-1.2987823486328126,"z":-0.29077768325805666},"rotation":{"x":0.0009294725605286658,"y":0.7706928253173828,"z":-0.6374561190605164,"w":0.0012924266047775746},"size":15.866528511047364,"orthographic":false}