{"cameraMode":{"drawMode":2,"name":"Shaded Wireframe","section":"Shading Mode"},"sceneLighting":true,"audioPlay":false,"sceneViewState":{"showFog":true,"showMaterialUpdate":false,"showSkybox":true,"showFlares":true,"showImageEffects":true,"showParticleSystems":true},"in2DMode":false,"pivot":{"x":0.14388608932495118,"y":4.189031600952148,"z":-5.098130702972412},"rotation":{"x":-0.014234260655939579,"y":-0.6952239274978638,"z":0.013774197548627854,"w":-0.718545138835907},"size":4.421650409698486,"orthographic":false}