{"cameraMode":{"drawMode":2,"name":"Shaded Wireframe","section":"Shading Mode"},"sceneLighting":true,"audioPlay":false,"sceneViewState":{"showFog":true,"showMaterialUpdate":false,"showSkybox":true,"showFlares":true,"showImageEffects":true,"showParticleSystems":true},"in2DMode":false,"pivot":{"x":0.36072874069213869,"y":3.0680973529815676,"z":-13.11479663848877},"rotation":{"x":0.1846436709165573,"y":0.7467875480651856,"z":-0.2319757491350174,"w":0.5950630903244019},"size":3.793856382369995,"orthographic":false}